"cellline","organelle","real","ch1","ch2"
"Cos7","Golgi",-1.70690750165538,0.222584848418176,0.659449123235282
"Cos7","Golgi",-1.64177583535657,0.301295920088595,0.632450465844827
"Cos7","Golgi",-1.57664416905777,0.290676269334292,0.666276089344562
"Cos7","Golgi",-1.51151250275896,0.315631470738511,0.588266406281785
"Cos7","Golgi",-1.44638083646016,0.284065878993676,0.599666381870703
"Cos7","Golgi",-1.38124917016135,0.250762126179248,0.547605679645226
"Cos7","Golgi",-1.31611750386255,0.230439576289625,0.595052687253346
"Cos7","Golgi",-1.25098583756374,0.187828961039278,0.536726473819114
"Cos7","Golgi",-1.18585417126494,0.19834838028324,0.572252736075512
"Cos7","Golgi",-1.12072250496613,0.258577739314954,0.563529842548517
"Cos7","Golgi",-1.05559083866733,0.303596355484497,0.479645225599089
"Cos7","Golgi",-0.990459172368523,0.251742439243814,0.576003905773221
"Cos7","Golgi",-0.925327506069717,0.204741194906284,0.515895683306888
"Cos7","Golgi",-0.860195839770912,0.179118598323445,0.422669758737133
"Cos7","Golgi",-0.795064173472108,0.162018124790675,0.463452540786851
"Cos7","Golgi",-0.729932507173302,0.155713318323053,0.529639122828431
"Cos7","Golgi",-0.664800840874497,0.161568305329627,0.493388665120632
"Cos7","Golgi",-0.599669174575693,0.154248960403664,0.467065381016315
"Cos7","Golgi",-0.534537508276888,0.148611549114662,0.528955612514748
"Cos7","Golgi",-0.469405841978082,0.190889689111191,0.476292770251027
"Cos7","Golgi",-0.404274175679278,0.176351230769607,0.552471622116441
"Cos7","Golgi",-0.339142509380473,0.176084761632356,0.569754668619553
"Cos7","Golgi",-0.274010843081667,0.130689666131284,0.524992880100899
"Cos7","Golgi",-0.208879176782863,0.166944136823346,0.489556125147484
"Cos7","Golgi",-0.143747510484058,0.115672052276844,0.377964929411286
"Cos7","Golgi",-0.0786158441852525,0.170999845985728,0.419439358802229
"Cos7","Golgi",-0.0134841778864476,0.187855852420102,0.518035721550917
"Cos7","Golgi",0.0516474884123577,0.203108154689001,0.56046218316449
"Cos7","Golgi",0.116779154711162,0.272179888669683,0.472557874608406
"Cos7","Golgi",0.181910821009967,0.364549337127463,0.508116684974979
"Cos7","Golgi",0.247042487308772,0.341554761852376,0.469539037389641
"Cos7","Golgi",0.312174153607577,0.369025529699085,0.451889824647056
"Cos7","Golgi",0.377305819906383,0.23602320481698,0.332780015460352
"Cos7","Golgi",0.442437486205188,0.222369717371587,0.300337686643069
"Cos7","Golgi",0.507569152503992,0.186846203303728,0.261825135278083
"Cos7","Golgi",0.572700818802797,0.183396772545367,0.294316286260629
"Cos7","Golgi",0.637832485101602,0.19436845592136,0.294324423288173
"Cos7","Golgi",0.702964151400407,0.208806682752602,0.265437975507547
"Cos7","Golgi",0.768095817699213,0.187007551588669,0.228723707229749
"Cos7","Golgi",0.833227483998018,0.194165548229691,0.212734448106107
"Cos7","Golgi",0.898359150296823,0.198372826993079,0.250343789413727
"Cos7","Golgi",0.963490816595627,0.238929918616903,0.317547499898287
"Cos7","Golgi",1.02862248289443,0.263398630495315,0.395134057528785
"Cos7","Golgi",1.09375414919324,0.245616093758022,0.416656495382237
"Cos7","Golgi",1.15888581549204,0.210190366529521,0.411627812360145
"Cos7","Golgi",1.22401748179085,0.196664001975294,0.447626022214085
"Cos7","Golgi",1.28914914808965,0.200577920220607,0.46758615077912
"Cos7","Golgi",1.35428081438846,0.228166032274546,0.497335123479393
"Cos7","Golgi",1.41941248068726,0.26509523215818,0.533024126286667
"Cos7","Golgi",1.48454414698607,0.331490051411431,0.557646771634322
"Cos7","Golgi",1.54967581328487,0.483910397919096,0.499971520403597
"Cos7","Golgi",1.61480747958368,0.59152970397479,0.491378819317303
"Cos7","Golgi",1.67993914588248,0.658261887823827,0.378225314292689
"Cos7","Golgi",1.74507081218129,0.57458324471401,0.360812075348875
"Cos7","Golgi",1.81020247848009,0.636418752582184,0.422580251434151
"Cos7","Golgi",1.8753341447789,0.667671426441072,0.484283331299077
"Cos7","Golgi",1.9404658110777,0.818048028006151,0.483420806379429
"Cos7","Golgi",2.00559747737651,0.83438820886291,0.51850766914846
"Cos7","Golgi",2.07072914367531,0.937729340696682,0.59898287155702
"Cos7","Golgi",2.13586080997412,0.90036254470692,0.600520769762806
"Cos7","Golgi",2.20099247627292,0.672817458862299,0.574596200008137
"Cos7","Golgi",2.26612414257173,0.4484382219419,0.514666992147768
"Cos7","Golgi",2.33125580887053,0.285689140527022,0.427910004475365
"Cos7","Golgi",2.39638747516934,0.219467892913632,0.297326986451849
"Cos7","Golgi",2.46151914146814,0.232079950519859,0.253354489604947
"Cos7","Golgi",2.52665080776695,0.22949104394785,0.233125839130965
"Cos7","Golgi",2.59178247406575,0.251911121541707,0.217364416778551
"Cos7","Golgi",2.65691414036456,0.274778573925628,0.217356279751007
"Cos7","Golgi",2.72204580666336,0.245400962711433,0.230302290573253
"Cos7","Golgi",2.78717747296217,0.21463966772032,0.268245250010171
"Cos7","Golgi",2.85230913926097,0.181372584970652,0.306090565116563
"Cos7","Golgi",2.91744080555978,0.184227960679912,0.31447984051426
"Cos7","Golgi",2.98257247185858,0.198592847381635,0.348728589446275
"Cos7","Golgi",3.04770413815739,0.167599308647046,0.436990927214289
"Cos7","Golgi",3.11283580445619,0.161404512373702,0.531453679970707
"Cos7","Golgi",3.177967470755,0.16383207066077,0.530639977216323
"Cos7","Golgi",3.2430991370538,0.192745194388013,0.60258757475894
"Cos7","Golgi",3.30823080335261,0.258257487416056,0.675422108303837
"Cos7","Golgi",3.37336246965141,0.259731624019381,0.663338622401237
"Cos7","Golgi",3.43849413595022,0.267439671631793,0.686569836038895
"Cos7","Golgi",3.50362580224902,0.298807245026928,0.703364660889377
"Cos7","Golgi",3.56875746854783,0.329766558367742,0.723088815655641
"Cos7","Golgi",3.63388913484663,0.341586542575168,0.710118393750763
"Cos7","Golgi",3.69902080114544,0.345321999838652,0.660946336303348
"Cos7","Golgi",3.76415246744424,0.389807677733692,0.605077505187355
"Cos7","Golgi",3.82928413374305,0.423003865024826,0.570950811668497
"Cos7","Golgi",3.89441580004185,0.367820306903995,0.48971886569836
"Cos7","Golgi",3.95954746634066,0.302848286163407,0.411131453679971
"Cos7","Golgi",4.02467913263946,0.237785812596412,0.290980104967655
"Cos7","Golgi",4.08981079893827,0.216089357613806,0.27316001464665
"Cos7","Golgi",4.15494246523707,0.22378029252933,0.324048984905814
"Cos7","Golgi",4.22007413153588,0.249400444441185,0.397111355221937
"Cos7","Golgi",4.28520579783468,0.275130606547318,0.505455876968144
"Cos7","Golgi",4.35033746413349,0.366280164184103,0.539574433459457
"Cos7","Golgi",4.41546913043229,0.397400825809858,0.690443061149762
"Cos7","Golgi",4.4806007967311,0.378674646072758,0.6744131168884
"Cos7","Golgi",4.5457324630299,0.329336296274566,0.602571300703853
"Cos7","Golgi",4.61086412932871,0.358102739742772,0.572073721469547
"Cos7","Golgi",4.67599579562751,0.292839803155092,0.487660197729769
"Cos7","Golgi",4.74112746192632,0.235094229843077,0.438439318117092
"Cos7","Golgi",4.80625912822512,0.178038053748536,0.509516253712519
"Cos7","Golgi",4.87139079452393,0.13001982628168,0.393677529598438
"Cos7","Golgi",4.93652246082273,0.114941095652642,0.341299483298751
"Cos7","Golgi",5.00165412712154,0.124942244648004,0.359152121729932
"Cos7","Golgi",5.06678579342034,0.10644830865438,0.323983888685463
"Cos7","Golgi",5.13191745971915,0.118696110283997,0.399601285650352
"Cos7","Golgi",5.19704912601795,0.144176915949767,0.460018715163351
"Cos7","Golgi",5.26218079231676,0.17684749897935,0.514333374018471
"Cos7","Golgi",5.32731245861556,0.217763957237815,0.510631026486025
"Cos7","Golgi",5.39244412491437,0.205279022522754,0.503112413035518
"Cos7","Golgi",5.45757579121317,0.245002481341049,0.51840188779039
"Cos7","Golgi",5.52270745751198,0.22842761206983,0.424704015623093
"Cos7","Golgi",5.58783912381078,0.253263024595835,0.432572521257984
"Cos7","Golgi",5.65297079010959,0.223680061018988,0.434590504088856
"Cos7","Golgi",5.71810245640839,0.195590791413338,0.478579274990846
"Cos7","Golgi",5.7832341227072,0.16858451105358,0.535050246145083
"Cos7","Golgi",5.848365789006,0.181758842986117,0.547337157736279
"Cos7","Golgi",5.91349745530481,0.164384566303144,0.523056267545466
"Cos7","Golgi",5.97862912160361,0.175683835590987,0.474754872045242
"Cos7","Golgi",6.04376078790242,0.185093374208232,0.418357134138899
"Cos7","Golgi",6.10889245420122,0.222406387436347,0.382301965092152
"Cos7","Golgi",6.17402412050003,0.219318767983611,0.444786199601286
"Cos7","Golgi",6.23915578679883,0.250747458153344,0.370495138126043
"Cos7","Golgi",6.30428745309764,0.301146795158574,0.391651409740022
"Cos7","Golgi",6.36941911939644,0.365832789394039,0.474014402538753
"Cos7","Golgi",6.43455078569525,0.390526411002975,0.523625859473534
"Cos7","Golgi",6.49968245199405,0.406991270079916,0.545498189511372
"Cos7","Golgi",6.56481411829286,0.415227366624863,0.504544529883234
"Cos7","Golgi",6.62994578459166,0.394039403206919,0.450742503763375
"Cos7","Golgi",6.69507745089047,0.305843008118752,0.410545587696814
"Cos7","Golgi",6.76020911718927,0.253563719126861,0.347418528011717
"Cos7","Golgi",6.82534078348808,0.220516656765749,0.377151226656902
"Cos7","Golgi",6.89047244978688,0.184890466516564,0.403987143496481
"Cos7","Golgi",6.95560411608569,0.175390475072912,0.470938606127182
"Cos7","Golgi",7.02073578238449,0.15161360508296,0.420977257008015
"Cos7","Golgi",7.0858674486833,0.14831329925462,0.380845437161805
"Cos7","Golgi",7.1509991149821,0.162431274186964,0.415484763415924
"Cos7","Golgi",7.21613078128091,0.21031993409167,0.43491598519061
"Cos7","Golgi",7.28126244757971,0.235162680630627,0.484372838602059
"Cos7","Golgi",7.34639411387852,0.272483027871694,0.529395012002116
"Cos7","Golgi",7.41152578017732,0.237103749391888,0.463802432971236
"Cos7","Golgi",7.47665744647613,0.215957345380672,0.396216282192115
"Cos7","Golgi",7.54178911277493,0.182709819998875,0.358248911672566
"Cos7","Golgi",7.60692077907374,0.184164399234329,0.427779812034664
"Cos7","Golgi",7.67205244537254,0.179644202584995,0.407152447211034
"Cos7","Golgi",7.73718411167135,0.169816625229493,0.446161357256194
"Cos7","Golgi",7.80231577797015,0.130503871136503,0.384564058749339
"Cos7","Golgi",7.86744744426896,0.12559497180072,0.356735424549412
"Cos7","Golgi",7.93257911056776,0.115190452093005,0.390707514544937
"Cos7","Golgi",7.99771077686657,0.13825836749761,0.40269335611701
"Cos7","Golgi",8.06284244316537,0.199248019205335,0.382041580210749
"Cos7","Golgi",8.12797410946418,0.266691602310703,0.382822734854957
"Cos7","Golgi",8.19310577576298,0.334220748900509,0.382236868871801
"Cos7","Golgi",8.25823744206179,0.403683630238624,0.467382725090524
"Cos7","Golgi",8.32336910836059,0.434141786027727,0.591708368932829
"Cos7","Golgi",8.3885007746594,0.383194842722092,0.705496562105863
"Cos7","Golgi",8.4536324409582,0.300232488210574,0.65978274136458
"Cos7","Golgi",8.51876410725701,0.234461060058232,0.517010456080394
"Cos7","Golgi",8.58389577355581,0.204315822155075,0.450864559176533
"Cos7","Golgi",8.64902743985462,0.19757586425231,0.472598559746125
"Cos7","Golgi",8.71415910615342,0.233778996853708,0.506839171650596
"Cos7","Golgi",8.77929077245223,0.286750127734059,0.593604296350543
"Cos7","Golgi",8.84442243875103,0.36722380718391,0.644289840921112
"Cos7","Golgi",8.90955410504984,0.453508469562624,0.581976483990398
"Cos7","Golgi",8.97468577134864,0.512803964278468,0.61064323202734
"Cos7","Golgi",9.03981743764745,0.547232265745515,0.626250050856422
"Cos7","Golgi",-1.9674341668506,0.419070389411641,0.66822083892754
"Cos7","Golgi",-1.90230250055179,0.38760013983518,0.623760120428008
"Cos7","Golgi",-1.83717083425299,0.33034594539094,0.603246673989992
"Cos7","Golgi",-1.77203916795418,0.340400877147949,0.611733593718215
"Cos7","Mitochondria",0.13026333259761,0.132551371005404,0.469520228029414
"Cos7","Mitochondria",0.195394998896415,0.107549703115618,0.365877026994659
"Cos7","Mitochondria",0.26052666519522,0.115326239242111,0.428920453184508
"Cos7","Mitochondria",0.325658331494025,0.149307408766429,0.27076097631081
"Cos7","Mitochondria",0.39078999779283,0.160940940022683,0.396153201274282
"Cos7","Mitochondria",0.455921664091635,0.148752835412636,0.222376583870273
"Cos7","Mitochondria",0.52105333039044,0.105293882180266,0.253227622218496
"Cos7","Mitochondria",0.586184996689245,0.0935707018480219,0.199286210448155
"Cos7","Mitochondria",0.65131666298805,0.0898992594569351,0.278880931279791
"Cos7","Mitochondria",0.716448329286855,0.115395039695777,0.333804402500659
"Cos7","Mitochondria",0.78157999558566,0.163388568283408,0.332750485041558
"Cos7","Mitochondria",0.846711661884465,0.272024484622056,0.291048887398501
"Cos7","Mitochondria",0.91184332818327,0.407023483888185,0.499173632901387
"Cos7","Mitochondria",0.976974994482075,0.48566448729068,0.4190519533402
"Cos7","Mitochondria",1.04210666078088,0.562529188071252,0.603080313300918
"Cos7","Mitochondria",1.10723832707969,0.645729785175796,0.53469544180699
"Cos7","Mitochondria",1.17236999337849,0.671826005737541,0.569163333253491
"Cos7","Mitochondria",1.2375016596773,0.571946510774568,0.454453998898177
"Cos7","Mitochondria",1.3026333259761,0.480917255987724,0.475005389350643
"Cos7","Mitochondria",1.3677649922749,0.345955784241777,0.415938106301948
"Cos7","Mitochondria",1.43289665857371,0.262413269731136,0.463268581283384
"Cos7","Mitochondria",1.49802832487252,0.16910109079992,0.327648566432729
"Cos7","Mitochondria",1.56315999117132,0.1808847321369,0.363817097415507
"Cos7","Mitochondria",1.62829165747012,0.252055674161051,0.333013964406333
"Cos7","Mitochondria",1.69342332376893,0.420185219160718,0.468705837265564
"Cos7","Mitochondria",1.75855499006774,0.610697845086397,0.476586265539295
"Cos7","Mitochondria",1.82368665636654,0.661920825271866,0.869505856427699
"Cos7","Mitochondria",1.88881832266534,0.699677680298886,0.764928501281468
"Cos7","Mitochondria",1.95394998896415,0.604343185002335,1
"Cos7","Mitochondria",2.01908165526295,0.483863166321969,0.681070205274378
"Cos7","Mitochondria",2.08421332156176,0.296838514910935,0.60609834966107
"Cos7","Mitochondria",2.14934498786057,0.197553205684168,0.384847541258474
"Cos7","Mitochondria",2.21447665415937,0.148350457001801,0.31672614912932
"Cos7","Mitochondria",2.27960832045818,0.198057742344386,0.311025413782366
"Cos7","Mitochondria",2.34473998675698,0.280628711054774,0.449040695585523
"Cos7","Mitochondria",2.40987165305578,0.388818466875709,0.680686962561978
"Cos7","Mitochondria",2.47500331935459,0.434858479551671,0.530479771970586
"Cos7","Mitochondria",2.5401349856534,0.50475140102742,0.498646674171837
"Cos7","Mitochondria",2.6052666519522,0.486450480352258,0.590217729765983
"Cos7","Mitochondria",2.670398318251,0.378756921742611,0.527174303576134
"Cos7","Mitochondria",2.73552998454981,0.302663619987991,0.643919614841074
"Cos7","Mitochondria",2.80066165084861,0.280278454199747,0.579175549114949
"Cos7","Mitochondria",2.86579331714742,0.254088414837548,0.583415171620877
"Cos7","Mitochondria",2.93092498344622,0.25457001801321,0.39289563821888
"Cos7","Mitochondria",2.99605664974503,0.201516528787778,0.635679896524468
"Cos7","Mitochondria",3.06118831604384,0.19616051771299,0.540468035162519
"Cos7","Mitochondria",3.12631998234264,0.147633264393889,0.552013221873578
"Cos7","Mitochondria",3.19145164864144,0.0846391520448329,0.611607463651824
"Cos7","Mitochondria",3.25658331494025,0.0732328707718994,0.448489784186448
"Cos7","Mitochondria",3.32171498123905,0.0718756254586697,0.397638266784833
"Cos7","Mitochondria",3.38684664753786,0.0638634998999266,0.340391386620039
"Cos7","Mitochondria",3.45197831383667,0.0373419674427914,0.309252916237515
"Cos7","Mitochondria",3.51710998013547,0.0350361098138635,0.352846774773049
"Cos7","Mitochondria",3.58224164643427,0.033076339315498,0.299264653045582
"Cos7","Mitochondria",3.64737331273308,0.0400522883447862,0.456585786485904
"Cos7","Mitochondria",3.71250497903188,0.033947811728601,0.392248916141704
"Cos7","Mitochondria",3.77763664533069,0.0277995530055374,0.365517736951783
"Cos7","Mitochondria",3.8427683116295,0.0289253786109814,0.324917962106877
"Cos7","Mitochondria",0.065131666298805,0.0352571052104877,0.353541402189274
"Cos7","PM",4.61086412932871,0.017156232788691,0.450736441283021
"Cos7","PM",4.67599579562751,0.0719203231136406,0.441640003173176
"Cos7","PM",4.74112746192632,0.0717734532770333,0.508025491181215
"Cos7","PM",4.80625912822512,0.0928951716541216,0.559616045693735
"Cos7","PM",4.87139079452393,0.092583073251331,0.514279292381733
"Cos7","PM",4.93652246082273,0.077125022948412,0.521987465954465
"Cos7","PM",5.00165412712154,0.0600514044428126,0.503107068249729
"Cos7","PM",5.06678579342034,0.122131448503764,0.606063410635428
"Cos7","PM",5.13191745971915,0.0912520653570773,0.678927466483327
"Cos7","PM",5.19704912601795,0.0619515329539197,0.773329455007007
"Cos7","PM",5.26218079231676,0.0592619790710483,0.808207948806092
"Cos7","PM",5.32731245861556,0.112539012300349,0.660390829521115
"Cos7","PM",5.39244412491437,0.126785386451258,0.538144220853055
"Cos7","PM",5.45757579121317,0.11271342023132,0.482719411904699
"Cos7","PM",5.52270745751198,0.131466862493116,0.495914535790782
"Cos7","PM",5.58783912381078,0.0979346429227099,0.607583890842743
"Cos7","PM",5.65297079010959,0.115256104277584,0.566729248750562
"Cos7","PM",5.71810245640839,0.115834404259225,0.611127270804136
"Cos7","PM",5.7832341227072,0.125436019827428,0.59335748472909
"Cos7","PM",5.848365789006,0.0693409216082247,0.584670915196869
"Cos7","PM",5.91349745530481,0.125371764273912,0.515746886320967
"Cos7","PM",5.97862912160361,0.100174407930971,0.396620567469657
"Cos7","PM",6.04376078790242,0.119983477143382,0.351032604384272
"Cos7","PM",6.10889245420122,0.101991922158987,0.346246397122987
"Cos7","PM",6.17402412050003,0.120414907288416,0.299058624428167
"Cos7","PM",6.23915578679883,0.103635028456031,0.300261787026998
"Cos7","PM",6.30428745309764,0.126932256287865,0.459779993124785
"Cos7","PM",6.36941911939644,0.140976684413439,0.409445487479176
"Cos7","PM",6.43455078569525,0.210969340921608,0.394954650025121
"Cos7","PM",6.49968245199405,0.211217183770883,0.428907634132797
"Cos7","PM",6.56481411829286,0.209619974297779,0.425165930666103
"Cos7","PM",-1.9674341668506,0.284303286212594,0.318996747494513
"Cos7","PM",-1.90230250055179,0.23769047181935,0.372967184070656
"Cos7","PM",-1.83717083425299,0.21558656140995,0.395152973530423
"Cos7","PM",-1.77203916795418,0.24191297962181,0.366805933839278
"Cos7","PM",-1.70690750165538,0.173967321461355,0.3025623396885
"Cos7","PM",-1.64177583535657,0.145970258858087,0.317780363328662
"Cos7","PM",-1.57664416905777,0.155801358545989,0.394320014808155
"Cos7","PM",-1.51151250275896,0.166302551863411,0.415434857339292
"Cos7","PM",-1.44638083646016,0.182063521204333,0.478052198746595
"Cos7","PM",-1.38124917016135,0.211611896456765,0.432517121929291
"Cos7","PM",-1.31611750386255,0.20462639985313,0.389031388000106
"Cos7","PM",-1.25098583756374,0.209638333027355,0.382592484861306
"Cos7","PM",-1.18585417126494,0.171644942170002,0.405452574239099
"Cos7","PM",-1.12072250496613,0.153258674499725,0.414430018245762
"Cos7","PM",-1.05559083866733,0.146153846153846,0.502631091837004
"Cos7","PM",-0.990459172368523,0.151174958692859,0.454769019224159
"Cos7","PM",-0.925327506069717,0.164953185239581,0.513142237618002
"Cos7","PM",-0.860195839770912,0.169111437488526,0.630311764550334
"Cos7","PM",-0.795064173472108,0.19878832384799,0.441283020863633
"Cos7","PM",-0.729932507173302,0.159849458417478,0.285823835841024
"Cos7","PM",-0.664800840874497,0.138158619423536,0.329468228574451
"Cos7","PM",-0.599669174575693,0.137846521020745,0.395100087262342
"Cos7","PM",-0.534537508276888,0.0825867449972462,0.35621545865616
"Cos7","PM",-0.469405841978082,0.109418028272444,0.388806621360764
"Cos7","PM",-0.404274175679278,0.125087203965486,0.464539757252029
"Cos7","PM",-0.339142509380473,0.151679823756196,0.559285506518233
"Cos7","PM",-0.274010843081667,0.12322379291353,0.592101435862178
"Cos7","PM",-0.208879176782863,0.114365705893152,0.55152444667742
"Cos7","PM",-0.143747510484058,0.09788874609877,0.539902689266732
"Cos7","PM",-0.0786158441852525,0.111575178997613,0.5408017558241
"Cos7","PM",-0.0134841778864476,0.162465577382045,0.457294338525002
"Cos7","PM",0.0516474884123577,0.131255737102993,0.432477457228231
"Cos7","PM",0.116779154711162,0.105278134753075,0.536332866171298
"Cos7","PM",0.181910821009967,0.14739306040022,0.592855065182325
"Cos7","PM",0.247042487308772,0.12322379291353,0.438361054552185
"Cos7","PM",0.312174153607577,0.11864328988434,0.473860962001216
"Cos7","PM",0.377305819906383,0.145024784284928,0.36592008884893
"Cos7","PM",0.442437486205188,0.242105746282357,0.504878758230425
"Cos7","PM",0.507569152503992,0.170928951716541,0.359573736679271
"Cos7","PM",0.572700818802797,0.21577014870571,0.446994737816326
"Cos7","PM",0.637832485101602,0.194547457315954,0.502895523177407
"Cos7","PM",0.702964151400407,0.185092711584358,0.437845413438401
"Cos7","PM",0.768095817699213,0.127336148338535,0.503754925033715
"Cos7","PM",0.833227483998018,0.130365338718561,0.582793452680012
"Cos7","PM",0.898359150296823,0.148668992105746,0.385395457069572
"Cos7","PM",0.963490816595627,0.169955939049018,0.498096094349102
"Cos7","PM",1.02862248289443,0.134239030659078,0.411349393130074
"Cos7","PM",1.09375414919324,0.147732696897375,0.275696115503609
"Cos7","PM",1.15888581549204,0.110996879015972,0.44531559880477
"Cos7","PM",1.22401748179085,0.0879658527629888,0.510193828172515
"Cos7","PM",1.28914914808965,0.158371580686616,0.480061876933654
"Cos7","PM",1.35428081438846,0.191812006609143,0.390750191712722
"Cos7","PM",1.41941248068726,0.190728841564164,0.443596795092154
"Cos7","PM",1.48454414698607,0.164365705893152,0.473094111114049
"Cos7","PM",1.54967581328487,0.180851845052322,0.47316021894915
"Cos7","PM",1.61480747958368,0.153111804663117,0.464552978819049
"Cos7","PM",1.67993914588248,0.163034697998899,0.504138350477298
"Cos7","PM",1.74507081218129,0.256599963282541,0.505447285612291
"Cos7","PM",1.81020247848009,0.271846888195337,0.493627204696301
"Cos7","PM",1.8753341447789,0.28773636864329,0.552648279874131
"Cos7","PM",1.9404658110777,0.309932072700569,0.502432768331703
"Cos7","PM",2.00559747737651,0.405608591885442,0.505777824787794
"Cos7","PM",2.07072914367531,0.471819350100973,0.496469841605627
"Cos7","PM",2.13586080997412,0.501982742794199,0.65877779834466
"Cos7","PM",2.20099247627292,0.663310078942537,0.664912605441997
"Cos7","PM",2.26612414257173,0.846456765191849,0.662387286141153
"Cos7","PM",2.33125580887053,1,0.824761350715286
"Cos7","PM",2.39638747516934,0.887185606756013,0.8155062538012
"Cos7","PM",2.46151914146814,0.464071966219938,0.600444244651876
"Cos7","PM",2.52665080776695,0.32623462456398,0.401023349287358
"Cos7","PM",2.59178247406575,0.264586010648063,0.496575614141788
"Cos7","PM",2.65691414036456,0.261336515513126,0.485813258587408
"Cos7","PM",2.72204580666336,0.236139159170185,0.558412883094904
"Cos7","PM",2.78717747296217,0.259886175876629,0.602916677684639
"Cos7","PM",2.85230913926097,0.274233523040206,0.769600973107332
"Cos7","PM",2.91744080555978,0.247457315953736,0.774334294100537
"Cos7","PM",2.98257247185858,0.173251331007894,0.697173228971098
"Cos7","PM",3.04770413815739,0.191031760602166,0.647407250707354
"Cos7","PM",3.11283580445619,0.189471268588214,0.633775815109607
"Cos7","PM",3.177967470755,0.148219203231136,0.541555385144247
"Cos7","PM",3.2430991370538,0.157508720396549,0.446783192744004
"Cos7","PM",3.30823080335261,0.183284376721131,0.375836264114023
"Cos7","PM",3.37336246965141,0.100973012667523,0.37877145199249
"Cos7","PM",3.43849413595022,0.0895906003304572,0.496178967131184
"Cos7","PM",3.50362580224902,0.207664769597944,0.525173863606315
"Cos7","PM",3.56875746854783,0.229116945107399,0.409961128592961
"Cos7","PM",3.63388913484663,0.20467229667707,0.369370917841183
"Cos7","PM",3.69902080114544,0.147218652469249,0.284475236004971
"Cos7","PM",3.76415246744424,0.0941252065357078,0.316775524235132
"Cos7","PM",3.82928413374305,0.0916559574077474,0.328251844408599
"Cos7","PM",3.89441580004185,0.111850559941252,0.309781315281487
"Cos7","PM",3.95954746634066,0.120323113640536,0.356783986038025
"Cos7","PM",4.02467913263946,0.104525426840463,0.31226696988127
"Cos7","PM",4.08981079893827,0.0754543785570038,0.343509532749821
"Cos7","PM",4.15494246523707,0.112915366256655,0.348216410608986
"Cos7","PM",4.22007413153588,0.133954470350652,0.307467541052966
"Cos7","PM",4.28520579783468,0.128648797503213,0.244175899727636
"Cos7","PM",4.35033746413349,0.153469799889848,0.246569003358278
"Cos7","PM",4.41546913043229,0.168698366073068,0.225626041198403
"Cos7","PM",4.4806007967311,0.225913346796402,0.219517677235106
"Cos7","PM",4.5457324630299,0.230126675234074,0.295502022899754
"HeLa","Golgi",1.49802832487252,0.385741845045514,0.201369891265387
"HeLa","Golgi",1.56315999117132,0.384300451427915,0.259024426584377
"HeLa","Golgi",1.62829165747012,0.51867629921837,0.153778838815011
"HeLa","Golgi",1.69342332376893,0.422304603312502,0.210671596546336
"HeLa","Golgi",1.75855499006774,0.380616889960718,0.249662580967559
"HeLa","Golgi",1.82368665636654,0.251241432374526,0.136919497993289
"HeLa","Golgi",1.88881832266534,0.252148976504125,0.146561998510825
"HeLa","Golgi",1.95394998896415,0.190833396976892,0.177955253834031
"HeLa","Golgi",2.01908165526295,0.203580536418125,0.270811932414545
"HeLa","Golgi",2.08421332156176,0.196438816600887,0.22791182616189
"HeLa","Golgi",2.14934498786057,0.201379890195371,0.307958613202476
"HeLa","Golgi",2.21447665415937,0.295307741778396,0.231961275443683
"HeLa","Golgi",2.27960832045818,0.428550642322096,0.213257630988669
"HeLa","Golgi",2.34473998675698,0.584120314786132,0.258523257118808
"HeLa","Golgi",2.40987165305578,0.685622897437772,0.129281675338027
"HeLa","Golgi",2.47500331935459,0.648200048329007,0.173384588308047
"HeLa","Golgi",2.5401349856534,0.654974005165623,0.269128003010236
"HeLa","Golgi",2.6052666519522,0.680669960521332,0.186234573405221
"HeLa","Golgi",2.670398318251,0.734315902404305,0.0352422368187705
"HeLa","Golgi",2.73552998454981,0.593415227538301,0.197160067754612
"HeLa","Golgi",2.80066165084861,0.456785348576293,0.293083903464406
"HeLa","Golgi",2.86579331714742,0.359506108540826,0.250304077883486
"HeLa","Golgi",2.93092498344622,0.362483802351668,0.220835313308064
"HeLa","Golgi",2.99605664974503,0.570151253183478,0.233384596725897
"HeLa","Golgi",3.06118831604384,0.838742793917988,0.241222887167387
"HeLa","Golgi",3.12631998234264,0.857652929115126,0.168453080766854
"HeLa","Golgi",3.19145164864144,0.871586400751913,0.226588738772789
"HeLa","Golgi",3.25658331494025,0.886302851637766,0.180400960826005
"HeLa","Golgi",3.32171498123905,0.680029341135733,0.14161044419101
"HeLa","Golgi",3.38684664753786,0.493205746979815,0.176972961681516
"HeLa","Golgi",3.45197831383667,0.355092952773364,0.228453089184703
"HeLa","Golgi",3.51710998013547,0.256046077766521,0.217246939934594
"HeLa","Golgi",3.58224164643427,0.211119677520873,0.165185455851348
"HeLa","Golgi",3.64737331273308,0.233624399270542,0.156284686142853
"HeLa","Golgi",3.71250497903188,0.334516020841472,0.299538966180927
"HeLa","Golgi",3.77763664533069,0.385753708367469,0.155061832646866
"HeLa","Golgi",3.8427683116295,0.336532785573914,0.115730052989057
"HeLa","Golgi",3.9078999779283,0.338128402376935,0.23663217486278
"HeLa","Golgi",3.9730316442271,0.303380732369145,0.207925187875022
"HeLa","Golgi",4.03816331052591,0.304246754871899,0.208125655661249
"HeLa","Golgi",4.10329497682472,0.241721116505201,0.0924557430080601
"HeLa","Golgi",4.16842664312352,0.232704991818987,0.0911927959548276
"HeLa","Golgi",4.23355830942232,0.310427545610738,0.0972068295416485
"HeLa","Golgi",0.065131666298805,0.406544180094561,0.190123648458032
"HeLa","Golgi",0.13026333259761,0.411212397284068,0.242746442342715
"HeLa","Golgi",0.195394998896415,0.418140577306106,0.160213854752909
"HeLa","Golgi",0.26052666519522,0.432839233209026,0.100374220564041
"HeLa","Golgi",0.325658331494025,0.479918826389605,0.188018736702644
"HeLa","Golgi",0.39078999779283,0.437602356974177,0.203093914226942
"HeLa","Golgi",0.455921664091635,0.389894007729954,0.166789198141166
"HeLa","Golgi",0.52105333039044,0.326609116758101,0.235589742374398
"HeLa","Golgi",0.586184996689245,0.29593649784204,0.226809253337639
"HeLa","Golgi",0.65131666298805,0.19488472142471,0.161657222813746
"HeLa","Golgi",0.716448329286855,0.160902235683053,0.226107616085843
"HeLa","Golgi",0.78157999558566,0.121889701432244,0.275723393177116
"HeLa","Golgi",0.846711661884465,0.161192887070964,0.255255632203302
"HeLa","Golgi",0.91184332818327,0.231429684708766,0.241082559717028
"HeLa","Golgi",0.976974994482075,0.207964033880699,0.197380582319462
"HeLa","Golgi",1.04210666078088,0.207014968124255,0.165526251087934
"HeLa","Golgi",1.10723832707969,0.290087880117957,0.110999013234091
"HeLa","Golgi",1.17236999337849,0.253014999006879,0.228272668177099
"HeLa","Golgi",1.2375016596773,0.261236281122072,0.204276674165684
"HeLa","Golgi",1.3026333259761,0.296078857705507,0.1408085730461
"HeLa","Golgi",1.3677649922749,0.28139799678552,0.143975964068492
"HeLa","Golgi",1.43289665857371,0.404580800310918,0.259846344507909
"HeLa","Mitochondria",2.99605664974503,0.0654021003612334,0.227001463799122
"HeLa","Mitochondria",3.06118831604384,0.0285016246025784,0.302010341870718
"HeLa","Mitochondria",3.12631998234264,0.0452025590608131,0.215784778221441
"HeLa","Mitochondria",3.19145164864144,0.106903538411351,0.455007665456939
"HeLa","Mitochondria",3.25658331494025,0.235692573516135,0.417563857153993
"HeLa","Mitochondria",3.32171498123905,0.366770118485753,0.420526101530493
"HeLa","Mitochondria",3.38684664753786,0.392550271897717,0.443132703351147
"HeLa","Mitochondria",3.45197831383667,0.29654558713646,0.345066823729136
"HeLa","Mitochondria",3.51710998013547,0.166561419155446,0.282036846162508
"HeLa","Mitochondria",3.58224164643427,0.119180086971356,0.318934977869783
"HeLa","Mitochondria",3.64737331273308,0.106024646872154,0.252960078993184
"HeLa","Mitochondria",3.71250497903188,0.11352864478117,0.248629312360874
"HeLa","Mitochondria",3.77763664533069,0.0767009943146392,0.199180618953167
"HeLa","Mitochondria",3.8427683116295,0.0750329958429727,0.127497769655184
"HeLa","Mitochondria",3.9078999779283,0.0340303611635686,0.143946021324695
"HeLa","Mitochondria",3.9730316442271,0.0133649375149017,0.167202238140196
"HeLa","Mitochondria",4.03816331052591,0.00337590121299004,0.134366365534027
"HeLa","Mitochondria",4.10329497682472,0.00947028079636951,0.117571652533932
"HeLa","Mitochondria",4.16842664312352,0.0141330947058008,0.156981628887946
"HeLa","Mitochondria",0,0.0241760017717496,0.185590673260981
"HeLa","Mitochondria",0.065131666298805,0.0813987244600204,0.287831411916537
"HeLa","Mitochondria",0.13026333259761,0.128609465891327,0.323950005629997
"HeLa","Mitochondria",0.195394998896415,0.213535727789034,0.381912986236824
"HeLa","Mitochondria",0.26052666519522,0.367015529744144,0.51515335244645
"HeLa","Mitochondria",0.325658331494025,0.466168661381346,0.507808372238053
"HeLa","Mitochondria",0.39078999779283,0.420032342410557,0.562341385672092
"HeLa","Mitochondria",0.455921664091635,0.354258134734771,0.594285120352005
"HeLa","Mitochondria",0.52105333039044,0.193618509196438,0.341541579690437
"HeLa","Mitochondria",0.586184996689245,0.0920601477056541,0.126293816531402
"HeLa","Mitochondria",0.65131666298805,0.0557612288120798,0.10794868907694
"HeLa","Mitochondria",0.716448329286855,0.0463747469819902,0.180722891566265
"HeLa","Mitochondria",0.78157999558566,0.0326357069390532,0.203346816453449
"HeLa","Mitochondria",0.846711661884465,0.0274132356476812,0.155457199033373
"HeLa","Mitochondria",0.91184332818327,0.0584198507779836,0.209816981802119
"HeLa","Mitochondria",0.976974994482075,0.130300409318046,0.3130797813829
"HeLa","Mitochondria",1.04210666078088,0.225672611405239,0.42434583770019
"HeLa","Mitochondria",1.10723832707969,0.327348690491511,0.478688297402406
"HeLa","Mitochondria",1.17236999337849,0.385348548831354,0.437727906594025
"HeLa","Mitochondria",1.2375016596773,0.320092099054369,0.35328661879726
"HeLa","Mitochondria",1.3026333259761,0.197332599094772,0.271842221510052
"HeLa","Mitochondria",1.3677649922749,0.135418131901568,0.305613539708799
"HeLa","Mitochondria",1.43289665857371,0.0775629265392324,0.317271963482976
"HeLa","Mitochondria",1.49802832487252,0.0495521244534362,0.358648107888058
"HeLa","Mitochondria",1.56315999117132,0.0258300337490361,0.272076082908196
"HeLa","Mitochondria",1.62829165747012,0.0376536688484326,0.252371094731189
"HeLa","Mitochondria",1.69342332376893,0.0336512706018262,0.233272413882705
"HeLa","Mitochondria",1.75855499006774,0.0520541221609359,0.203606662451387
"HeLa","Mitochondria",1.82368665636654,0.110183669377164,0.195620728781409
"HeLa","Mitochondria",1.88881832266534,0.204841585037495,0.241726070348973
"HeLa","Mitochondria",1.95394998896415,0.34047420238847,0.276250941941743
"HeLa","Mitochondria",2.01908165526295,0.501157722623426,0.410496046010065
"HeLa","Mitochondria",2.08421332156176,0.59815203327218,0.598373364052905
"HeLa","Mitochondria",2.14934498786057,0.591100948823772,0.59971590170892
"HeLa","Mitochondria",2.21447665415937,0.411596579805048,0.565407568447767
"HeLa","Mitochondria",2.27960832045818,0.232744645595217,0.429144327128788
"HeLa","Mitochondria",2.34473998675698,0.131082533003325,0.345846361722952
"HeLa","Mitochondria",2.40987165305578,0.0754380241799922,0.233757459745524
"HeLa","Mitochondria",2.47500331935459,0.0536063982505968,0.232466891289096
"HeLa","Mitochondria",2.5401349856534,0.0365732607474668,0.286012489930967
"HeLa","Mitochondria",2.6052666519522,0.02154132236764,0.254094739850848
"HeLa","Mitochondria",2.670398318251,0.0175848140311393,0.311572674594857
"HeLa","Mitochondria",2.73552998454981,0.031636104984143,0.37791135786857
"HeLa","Mitochondria",2.80066165084861,0.037119949241769,0.302582003066183
"HeLa","Mitochondria",2.86579331714742,0.0289166290070122,0.280547062440993
"HeLa","Mitochondria",2.93092498344622,0.0251416850974512,0.283301430019142
"HeLa","PM",3.32171498123905,0.071188517919208,0.426431145507178
"HeLa","PM",3.38684664753786,0.0105418370180294,0.487772985959315
"HeLa","PM",3.45197831383667,0.0112982449421204,0.492231346369705
"HeLa","PM",3.51710998013547,0.0416598845281068,0.517315531399539
"HeLa","PM",3.58224164643427,0.0504495361017226,0.571111242393809
"HeLa","PM",3.64737331273308,0.0170383278597486,0.559197337586893
"HeLa","PM",3.71250497903188,0.019422449038213,0.514802780567535
"HeLa","PM",3.77763664533069,0.0441780526804608,0.507489021484413
"HeLa","PM",3.8427683116295,0.0316302984460126,0.483558811366456
"HeLa","PM",3.9078999779283,0.0173351461590755,0.486201532069081
"HeLa","PM",3.9730316442271,0.0227161746823566,0.48306256276954
"HeLa","PM",4.03816331052591,0.0460451355310654,0.533656288769422
"HeLa","PM",4.10329497682472,0.0286812650204422,0.500128000630157
"HeLa","PM",4.16842664312352,0.0400273838818089,0.463062956617633
"HeLa","PM",4.23355830942232,0.02780995969016,0.421854630668951
"HeLa","PM",4.29868997572113,0.0314818892963492,0.401169728835588
"HeLa","PM",4.36382164201993,0.0699054968834079,0.393568460644729
"HeLa","PM",4.42895330831874,0.074554054442221,0.443370551978102
"HeLa","PM",4.49408497461754,0.0879300274796296,0.399893661014946
"HeLa","PM",4.55921664091635,0.16975613025536,0.345003052322719
"HeLa","PM",4.62434830721515,0.218970519240528,0.391071463736437
"HeLa","PM",4.68947997351396,0.243424517191524,0.433721273704732
"HeLa","PM",4.75461163981277,0.187143937725606,0.470254622791989
"HeLa","PM",4.81974330611157,0.107448224356335,0.538307634745279
"HeLa","PM",4.88487497241038,0.0801744525617334,0.534365215336445
"HeLa","PM",4.95000663870918,0.0604599726161182,0.465875032000158
"HeLa","PM",5.01513830500798,0.0355368102565085,0.488588251511392
"HeLa","PM",5.08026997130679,0.041516262770368,0.447238140249306
"HeLa","PM",5.14540163760559,0.0324058559378022,0.426824993599968
"HeLa","PM",5.2105333039044,0.0442977374785764,0.442964888442528
"HeLa","PM",5.2756649702032,0.038433182370908,0.466276757054804
"HeLa","PM",5.34079663650201,0.0493053494317366,0.462507630806798
"HeLa","PM",5.40592830280081,0.0708342509167856,0.479868454737008
"HeLa","PM",5.47105996909962,0.113657471682577,0.439585671806384
"HeLa","PM",5.53619163539843,0.174533947396138,0.448892302239026
"HeLa","PM",5.60132330169723,0.179824015472851,0.459790078966542
"HeLa","PM",5.66645496799604,0.148543196637336,0.404875839388748
"HeLa","PM",5.73158663429484,0.10712268170546,0.369488588251511
"HeLa","PM",5.79671830059365,0.0756886663283576,0.354286051869794
"HeLa","PM",5.86184996689245,0.0766940186325294,0.311025777357673
"HeLa","PM",5.92698163319125,0.0772062695684645,0.313625174770091
"HeLa","PM",5.99211329949006,0.14605375283653,0.312455445934503
"HeLa","PM",0,0.263134209745215,0.328122723065714
"HeLa","PM",0.065131666298805,0.343916661081376,0.335696421890077
"HeLa","PM",0.13026333259761,0.403615438381479,0.302368996278135
"HeLa","PM",0.195394998896415,0.346664624046112,0.303152753982789
"HeLa","PM",0.26052666519522,0.296507118851792,0.290033674011934
"HeLa","PM",0.325658331494025,0.239690351490315,0.288887576061913
"HeLa","PM",0.39078999779283,0.125759998468035,0.285398081959788
"HeLa","PM",0.455921664091635,0.0775892609224347,0.272310509836356
"HeLa","PM",0.52105333039044,0.0533411208241974,0.295772040723893
"HeLa","PM",0.586184996689245,0.0347708275485681,0.313050156554617
"HeLa","PM",0.65131666298805,0.0544182840072385,0.339304070420039
"HeLa","PM",0.716448329286855,0.0621211976139639,0.348303499340304
"HeLa","PM",0.78157999558566,0.0702693386696796,0.410263681298123
"HeLa","PM",0.846711661884465,0.120153962524296,0.443264212993048
"HeLa","PM",0.91184332818327,0.199878400245115,0.524133041885744
"HeLa","PM",0.976974994482075,0.213421931999885,0.515377798783009
"HeLa","PM",1.04210666078088,0.191050449536102,0.504519406864772
"HeLa","PM",1.10723832707969,0.194588332168401,0.533750812311691
"HeLa","PM",1.17236999337849,0.276366561024885,0.603355585750576
"HeLa","PM",1.2375016596773,0.307551632021907,0.550784742324885
"HeLa","PM",1.3026333259761,0.346544939247997,0.517224946338197
"HeLa","PM",1.3677649922749,0.445438094235023,0.555038301727024
"HeLa","PM",1.43289665857371,0.476886471787899,0.487052243949509
"HeLa","PM",1.49802832487252,0.448975976867322,0.44754928024261
"HeLa","PM",1.56315999117132,0.290106375848565,0.418735353774049
"HeLa","PM",1.62829165747012,0.179508047605825,0.428916326972687
"HeLa","PM",1.69342332376893,0.126133415038155,0.472334140721923
"HeLa","PM",1.75855499006774,0.078881856742084,0.497670388531143
"HeLa","PM",1.82368665636654,0.0747790618626785,0.46628463401666
"HeLa","PM",1.88881832266534,0.0849379075267376,0.508064039699888
"HeLa","PM",1.95394998896415,0.0631839986212312,0.493735846084165
"HeLa","PM",2.01908165526295,0.061541923191084,0.468309013213603
"HeLa","PM",2.08421332156176,0.0679522409781599,0.413347511864674
"HeLa","PM",2.14934498786057,0.0649122471060216,0.428234969772159
"HeLa","PM",2.21447665415937,0.0525464137647093,0.336940981863295
"HeLa","PM",2.27960832045818,0.10282839114907,0.395246253520017
"HeLa","PM",2.34473998675698,0.103106059880698,0.307296035918946
"HeLa","PM",2.40987165305578,0.159702607213642,0.366448080975168
"HeLa","PM",2.47500331935459,0.209946285462606,0.345333884720663
"HeLa","PM",2.5401349856534,0.308978274815446,0.39721549398397
"HeLa","PM",2.6052666519522,0.384470658074894,0.433398318268644
"HeLa","PM",2.670398318251,0.505864555107668,0.502065733246687
"HeLa","PM",2.73552998454981,0.595819649371415,0.506945511116362
"HeLa","PM",2.80066165084861,0.558329583209659,0.503901065359091
"HeLa","PM",2.86579331714742,0.503226702157199,0.499446643429629
"HeLa","PM",2.93092498344622,0.422788943039611,0.532612591323526
"HeLa","PM",2.99605664974503,0.322765963558373,0.51812291998976
"HeLa","PM",3.06118831604384,0.264431592956789,0.639656564463087
"HeLa","PM",3.12631998234264,0.240197815034326,0.635800791634666
"HeLa","PM",3.19145164864144,0.189638168918337,0.528126661546641
"HeLa","PM",3.25658331494025,0.123672695588897,0.443996770445639
"RPE1","Golgi",8.72764328403987,0.113877920813501,0.28904794633626
"RPE1","Golgi",8.79277495033867,0.123864128083081,0.345668156415423
"RPE1","Golgi",8.85790661663748,0.10694324246358,0.334721605884371
"RPE1","Golgi",8.92303828293628,0.110733989614885,0.313598943398524
"RPE1","Golgi",8.98816994923509,0.129487144814655,0.328566293429377
"RPE1","Golgi",0,0.130415675032453,0.29194353083335
"RPE1","Golgi",0.065131666298805,0.159520139189384,0.356340721191393
"RPE1","Golgi",0.13026333259761,0.190332918649935,0.344086298487575
"RPE1","Golgi",0.195394998896415,0.230836668830232,0.342277289976454
"RPE1","Golgi",0.26052666519522,0.293909112216933,0.390826629073635
"RPE1","Golgi",0.325658331494025,0.322734115822876,0.340474135861808
"RPE1","Golgi",0.39078999779283,0.387584739650945,0.399897430973738
"RPE1","Golgi",0.455921664091635,0.429542135439204,0.433186700216261
"RPE1","Golgi",0.52105333039044,0.389056414971874,0.366832970555898
"RPE1","Golgi",0.586184996689245,0.345525926727247,0.391394505531819
"RPE1","Golgi",0.65131666298805,0.338320802682821,0.421241389646383
"RPE1","Golgi",0.716448329286855,0.274123755949805,0.346343753768768
"RPE1","Golgi",0.78157999558566,0.220183362180874,0.345744263569613
"RPE1","Golgi",0.846711661884465,0.169075887061878,0.399790880957873
"RPE1","Golgi",0.91184332818327,0.180648709072552,0.412079259161252
"RPE1","Golgi",0.976974994482075,0.145076085388721,0.380976021562913
"RPE1","Golgi",1.04210666078088,0.162920993797779,0.43117161694918
"RPE1","Golgi",1.10723832707969,0.197003912447714,0.498609580836921
"RPE1","Golgi",1.17236999337849,0.225024340112505,0.542176828532923
"RPE1","Golgi",1.2375016596773,0.255801060147122,0.524864207273736
"RPE1","Golgi",1.3026333259761,0.227478634790134,0.51898405145312
"RPE1","Golgi",1.3677649922749,0.206129200923121,0.520760275343975
"RPE1","Golgi",1.43289665857371,0.184283949949517,0.48983266963992
"RPE1","Golgi",1.49802832487252,0.211907723929035,0.423577293840355
"RPE1","Golgi",1.56315999117132,0.23165927448435,0.420527153276296
"RPE1","Golgi",1.62829165747012,0.393318188374441,0.43093392845225
"RPE1","Golgi",1.69342332376893,0.485993166738785,0.466711316197125
"RPE1","Golgi",1.75855499006774,0.546503137170056,0.48367618630563
"RPE1","Golgi",1.82368665636654,0.497854464156931,0.436892533185646
"RPE1","Golgi",1.88881832266534,0.484086524592528,0.434474667441008
"RPE1","Golgi",1.95394998896415,0.417773240300014,0.414067412204543
"RPE1","Golgi",2.01908165526295,0.354358232366941,0.388289333640884
"RPE1","Golgi",2.08421332156176,0.282275439924996,0.404729649825129
"RPE1","Golgi",2.14934498786057,0.23028901629886,0.367145595327723
"RPE1","Golgi",2.21447665415937,0.180114578825905,0.417779099570404
"RPE1","Golgi",2.27960832045818,0.146847504687725,0.437596231642076
"RPE1","Golgi",2.34473998675698,0.169024051637098,0.480919936444672
"RPE1","Golgi",2.40987165305578,0.151911600317323,0.464808637342385
"RPE1","Golgi",2.47500331935459,0.210158841771239,0.471290625120747
"RPE1","Golgi",2.5401349856534,0.21655037501803,0.473459093575502
"RPE1","Golgi",2.6052666519522,0.36793685994519,0.475746991718371
"RPE1","Golgi",2.670398318251,0.561947840040386,0.505057613115722
"RPE1","Golgi",2.73552998454981,0.749373467474398,0.463201020070042
"RPE1","Golgi",2.80066165084861,0.667534346603202,0.494851058299251
"RPE1","Golgi",2.86579331714742,0.792635763738641,0.50912056427015
"RPE1","Golgi",2.93092498344622,0.968964102841483,0.515206794846726
"RPE1","Golgi",2.99605664974503,1,0.526769227887066
"RPE1","Golgi",3.06118831604384,0.88966717149863,0.538264920807579
"RPE1","Golgi",3.12631998234264,0.893286636376749,0.529514939834367
"RPE1","Golgi",3.19145164864144,0.880523853310255,0.531565149480305
"RPE1","Golgi",3.25658331494025,0.751798463868455,0.520645529173043
"RPE1","Golgi",3.32171498123905,0.656545236549834,0.530153069050265
"RPE1","Golgi",3.38684664753786,0.49661041396221,0.520009741715736
"RPE1","Golgi",3.45197831383667,0.476063302322227,0.550659849026824
"RPE1","Golgi",3.51710998013547,0.336384862252993,0.522645391009286
"RPE1","Golgi",3.58224164643427,0.250915007933074,0.483223056018378
"RPE1","Golgi",3.64737331273308,0.244782651810183,0.501754562623894
"RPE1","Golgi",3.71250497903188,0.221722648925429,0.495102797347724
"RPE1","Golgi",3.77763664533069,0.197774682677052,0.504015530542972
"RPE1","Golgi",3.8427683116295,0.218139243473244,0.480587406724828
"RPE1","Golgi",3.9078999779283,0.234972234242031,0.489243717354422
"RPE1","Golgi",3.9730316442271,0.204867121015433,0.48633876582297
"RPE1","Golgi",4.03816331052591,0.171219169190826,0.507271745862991
"RPE1","Golgi",4.10329497682472,0.154667892687148,0.517710134779916
"RPE1","Golgi",4.16842664312352,0.156707503966537,0.522493176700907
"RPE1","Golgi",4.23355830942232,0.163543018895139,0.526594766872078
"RPE1","Golgi",4.29868997572113,0.169560435597865,0.549567418644379
"RPE1","Golgi",4.36382164201993,0.181624567286889,0.57908879831487
"RPE1","Golgi",4.42895330831874,0.163930657723929,0.588412510142742
"RPE1","Golgi",4.49408497461754,0.194763720611568,0.619865840650353
"RPE1","Golgi",4.55921664091635,0.233644796624838,0.630691790613997
"RPE1","Golgi",4.62434830721515,0.261180675753642,0.620560172072421
"RPE1","Golgi",4.68947997351396,0.25662141208712,0.602740560078402
"RPE1","Golgi",4.75461163981277,0.239554035049762,0.583944434752166
"RPE1","Golgi",4.81974330611157,0.233719169190826,0.540544622795381
"RPE1","Golgi",4.88487497241038,0.217463129236983,0.499566189221119
"RPE1","Golgi",4.95000663870918,0.188712498197029,0.478052453050667
"RPE1","Golgi",5.01513830500798,0.171388197749892,0.462609726025954
"RPE1","Golgi",5.08026997130679,0.172999603346315,0.468032068042138
"RPE1","Golgi",5.14540163760559,0.164322803980961,0.461677706106955
"RPE1","Golgi",5.2105333039044,0.170585875522862,0.438698029058882
"RPE1","Golgi",5.2756649702032,0.154478580700995,0.428256127504072
"RPE1","Golgi",5.34079663650201,0.154059389874513,0.422861886590973
"RPE1","Golgi",5.40592830280081,0.167696614019905,0.43644057377769
"RPE1","Golgi",5.47105996909962,0.160070045434877,0.452071812368935
"RPE1","Golgi",5.53619163539843,0.155078068657147,0.45953616787599
"RPE1","Golgi",5.60132330169723,0.171938103995384,0.463933990508852
"RPE1","Golgi",5.66645496799604,0.196956584451175,0.451525011738065
"RPE1","Golgi",5.73158663429484,0.196900241598154,0.446785292350997
"RPE1","Golgi",5.79671830059365,0.200235738497043,0.438439264734638
"RPE1","Golgi",5.86184996689245,0.189645535843069,0.470737970093401
"RPE1","Golgi",5.92698163319125,0.173617121015433,0.471833913113731
"RPE1","Golgi",5.99211329949006,0.166754561517381,0.47096863331456
"RPE1","Golgi",6.05724496578886,0.140372584018462,0.482132967394524
"RPE1","Golgi",6.12237663208767,0.14432334487235,0.432591893534287
"RPE1","Golgi",6.18750829838647,0.124254020625992,0.440099571575266
"RPE1","Golgi",6.25263996468528,0.130082125342564,0.46019068940202
"RPE1","Golgi",6.31777163098409,0.113959054521852,0.427849832388629
"RPE1","Golgi",6.38290329728289,0.134817178710515,0.424737635221923
"RPE1","Golgi",6.4480349635817,0.141215473099668,0.406255305546806
"RPE1","Golgi",6.5131666298805,0.143482709505265,0.43529077030978
"RPE1","Golgi",6.5782982961793,0.146453104716573,0.411187049138291
"RPE1","Golgi",6.64342996247811,0.138630463003029,0.397179820129523
"RPE1","Golgi",6.70856162877691,0.120093664358863,0.409310129628047
"RPE1","Golgi",6.77369329507572,0.115665116111351,0.429565170556133
"RPE1","Golgi",6.83882496137452,0.126771419299005,0.3917668451477
"RPE1","Golgi",6.90395662767333,0.124127812635223,0.359009155105209
"RPE1","Golgi",6.96908829397213,0.112694720900043,0.359660163993354
"RPE1","Golgi",7.03421996027094,0.133336488533103,0.334727460280847
"RPE1","Golgi",7.09935162656974,0.134145571902495,0.333747434310744
"RPE1","Golgi",7.16448329286855,0.155981808019616,0.351761412267771
"RPE1","Golgi",7.22961495916736,0.176093952834271,0.383047307036165
"RPE1","Golgi",7.29474662546616,0.177966789268715,0.388155853401229
"RPE1","Golgi",7.35987829176497,0.181680910139911,0.384828214444201
"RPE1","Golgi",7.42500995806377,0.216331764748305,0.40940497085096
"RPE1","Golgi",7.49014162436258,0.239718556180586,0.408797284496738
"RPE1","Golgi",7.55527329066138,0.243854121592384,0.414881173314724
"RPE1","Golgi",7.62040495696018,0.304859909130247,0.428929383098826
"RPE1","Golgi",7.68553662325899,0.321264694216068,0.422599609628843
"RPE1","Golgi",7.7506682895578,0.329542586182028,0.424854723151445
"RPE1","Golgi",7.8157999558566,0.317295903649214,0.41360959840011
"RPE1","Golgi",7.8809316221554,0.328136268570604,0.388930975494667
"RPE1","Golgi",7.94606328845421,0.267452762152027,0.373338375920165
"RPE1","Golgi",8.01119495475301,0.225653126352228,0.343391967065507
"RPE1","Golgi",8.07632662105182,0.198374170633204,0.326744405246008
"RPE1","Golgi",8.14145828735063,0.14913727823453,0.33988284181772
"RPE1","Golgi",8.20658995364943,0.138121123611712,0.362784069953013
"RPE1","Golgi",8.27172161994823,0.132723478292226,0.350000409807753
"RPE1","Golgi",8.33685328624704,0.107184389874513,0.323437842116294
"RPE1","Golgi",8.40198495254585,0.114973225876244,0.326279566165804
"RPE1","Golgi",8.46711661884465,0.139737036636377,0.349763892190118
"RPE1","Golgi",8.53224828514345,0.141008131400548,0.377964520015596
"RPE1","Golgi",8.59737995144226,0.116893390307226,0.359580544201279
"RPE1","Golgi",8.66251161774107,0.120720196884466,0.353346782833504
"RPE1","Mitochondria",3.22401748179085,0.0146012083963635,0.170948188468285
"RPE1","Mitochondria",3.28914914808965,0.00179208806493123,0.303411055538496
"RPE1","Mitochondria",3.35428081438846,0.00367927864740444,0.343011100968758
"RPE1","Mitochondria",3.41941248068726,0.0124762615200354,0.416460898425505
"RPE1","Mitochondria",3.48454414698607,0.024236282204833,0.516331758698002
"RPE1","Mitochondria",3.54967581328487,0.0114420216417666,0.502530213227778
"RPE1","Mitochondria",3.61480747958368,0.0126545787404266,0.492527142478557
"RPE1","Mitochondria",3.67993914588248,0.0229226786812847,0.397384394704851
"RPE1","Mitochondria",3.74507081218129,0.0313689710204797,0.344668464246804
"RPE1","Mitochondria",3.81020247848009,0.0192463719875535,0.320788130923286
"RPE1","Mitochondria",3.8753341447789,0.0154749627762802,0.277591523049548
"RPE1","Mitochondria",3.9404658110777,0.0166191649404569,0.251574284788854
"RPE1","Mitochondria",4.00559747737651,0.00926952350666758,0.283308164407072
"RPE1","Mitochondria",4.07072914367531,0.0105682672618499,0.324531921069126
"RPE1","Mitochondria",4.13586080997412,0.0207709842218979,0.383010764448296
"RPE1","Mitochondria",4.20099247627292,0.0226343991749857,0.412675043221847
"RPE1","Mitochondria",4.26612414257173,0.0138790236537793,0.326685652029429
"RPE1","Mitochondria",0.0325658331494025,0.0231039678553491,0.376217257610621
"RPE1","Mitochondria",0.0976974994482075,0.0484636485486464,0.368128146992138
"RPE1","Mitochondria",0.162829165747013,0.0599383616808181,0.412763379843266
"RPE1","Mitochondria",0.227960832045817,0.0678942816639374,0.367366769445625
"RPE1","Mitochondria",0.293092498344622,0.0709821415303778,0.457125189818573
"RPE1","Mitochondria",0.358224164643427,0.129175966405036,0.522700408451711
"RPE1","Mitochondria",0.423355830942233,0.21254223889158,0.544191446491143
"RPE1","Mitochondria",0.488487497241038,0.239762362584292,0.586378492977239
"RPE1","Mitochondria",0.553619163539843,0.305290969124373,0.616547552444611
"RPE1","Mitochondria",0.618750829838647,0.379753268406052,0.592511578407165
"RPE1","Mitochondria",0.683882496137452,0.420142118824652,0.541840009759093
"RPE1","Mitochondria",0.749014162436258,0.429836631706585,0.552827402861265
"RPE1","Mitochondria",0.814145828735062,0.34774829929951,0.526019341513585
"RPE1","Mitochondria",0.879277495033868,0.253234228584845,0.435209294695176
"RPE1","Mitochondria",0.944409161332672,0.169124967680004,0.424360716283805
"RPE1","Mitochondria",1.00954082763148,0.131907191830694,0.444518291990392
"RPE1","Mitochondria",1.07467249393028,0.0816573991244624,0.388891459531311
"RPE1","Mitochondria",1.13980416022909,0.0625031577007777,0.464692693720108
"RPE1","Mitochondria",1.20493582652789,0.0498485789603512,0.474455993639763
"RPE1","Mitochondria",1.2700674928267,0.0501130828372647,0.482103421151152
"RPE1","Mitochondria",1.3351991591255,0.05216075891809,0.510867507687389
"RPE1","Mitochondria",1.40033082542431,0.0646994314652623,0.61353148779903
"RPE1","Mitochondria",1.46546249172311,0.12047705800362,0.572640045093742
"RPE1","Mitochondria",1.53059415802192,0.170465318786611,0.63709633318891
"RPE1","Mitochondria",1.59572582432072,0.188264349335323,0.704190100409293
"RPE1","Mitochondria",1.66085749061953,0.244862235087479,0.711126628443551
"RPE1","Mitochondria",1.72598915691833,0.370920622089343,0.749288048896423
"RPE1","Mitochondria",1.79112082321714,0.377955236433774,0.709784753099143
"RPE1","Mitochondria",1.85625248951594,0.432199334876768,0.652597306994999
"RPE1","Mitochondria",1.92138415581475,0.397252131633772,0.717024149549694
"RPE1","Mitochondria",1.98651582211355,0.345343988777903,0.759644466131319
"RPE1","Mitochondria",2.05164748841236,0.254045571937625,0.745060510585672
"RPE1","Mitochondria",2.11677915471116,0.135663741273601,0.767910249992639
"RPE1","Mitochondria",2.18191082100997,0.0998873629557862,0.854585301627497
"RPE1","Mitochondria",2.24704248730877,0.0696833977751954,0.750655163275522
"RPE1","Mitochondria",2.31217415360758,0.0490550673296105,0.707029491812037
"RPE1","Mitochondria",2.37730581990638,0.0401184026343397,0.624030926230508
"RPE1","Mitochondria",2.44243748620519,0.0380380350631094,0.628704354154135
"RPE1","Mitochondria",2.50756915250399,0.0440294936682527,0.575828576476378
"RPE1","Mitochondria",2.5727008188028,0.0475958380760761,0.446617338375532
"RPE1","Mitochondria",2.6378324851016,0.0742720942465949,0.384533519541323
"RPE1","Mitochondria",2.70296415140041,0.0978040234308828,0.407231824740143
"RPE1","Mitochondria",2.76809581769921,0.0946745562130178,0.3343835576102
"RPE1","Mitochondria",2.83322748399802,0.0941782399495957,0.302498243783836
"RPE1","Mitochondria",2.89835915029682,0.0685391956110188,0.196023169433846
"RPE1","Mitochondria",2.96349081659563,0.0486419657690376,0.177678597719233
"RPE1","Mitochondria",3.02862248289443,0.0214307579373453,0.0803526734447497
"RPE1","Mitochondria",3.09375414919324,0.0345875968485403,0.100838356602321
"RPE1","Mitochondria",3.15888581549204,0.0244294591935901,0.0499438431478124
"RPE1","PM",4.03816331052591,0.0043315448245026,0.375135280475918
"RPE1","PM",4.10329497682472,0.0275448990237722,0.31897959869593
"RPE1","PM",4.16842664312352,0.0435483269990312,0.335912344973616
"RPE1","PM",4.23355830942232,0.0356211342126835,0.317809968742648
"RPE1","PM",4.29868997572113,0.00877487145092772,0.335455248210264
"RPE1","PM",0,0.0455603994336388,0.357234564581723
"RPE1","PM",0.065131666298805,0.0406885758998435,0.389701878802138
"RPE1","PM",0.13026333259761,0.0341307101870482,0.36744529963365
"RPE1","PM",0.195394998896415,0.0346803040465012,0.391893254461735
"RPE1","PM",0.26052666519522,0.0239399359117668,0.398675763788525
"RPE1","PM",0.325658331494025,0.0348479767493852,0.423527039290156
"RPE1","PM",0.39078999779283,0.00757321708025936,0.400846973414446
"RPE1","PM",0.455921664091635,0.0395614427304568,0.412408832722751
"RPE1","PM",0.52105333039044,0.0379312914524182,0.421154169327463
"RPE1","PM",0.586184996689245,0.038518145912512,0.389049843713239
"RPE1","PM",0.65131666298805,0.13600119233922,0.329304607938695
"RPE1","PM",0.716448329286855,0.152507638423131,0.310267872147347
"RPE1","PM",0.78157999558566,0.279594232059021,0.309340234598192
"RPE1","PM",0.846711661884465,0.280013413816231,0.323456458172285
"RPE1","PM",0.91184332818327,0.311927118265146,0.319053540819413
"RPE1","PM",0.976974994482075,0.343142186452046,0.324942022653178
"RPE1","PM",1.04210666078088,0.247093673150011,0.312042483110947
"RPE1","PM",1.10723832707969,0.125521648408972,0.257432863912883
"RPE1","PM",1.17236999337849,0.177397719651241,0.248687527308171
"RPE1","PM",1.2375016596773,0.0969241374170952,0.247222128860955
"RPE1","PM",1.3026333259761,0.0975296221775095,0.28766174839512
"RPE1","PM",1.3677649922749,0.0946232953275207,0.229449131180049
"RPE1","PM",1.43289665857371,0.0734965347641404,0.237770981077538
"RPE1","PM",1.49802832487252,0.034037558685446,0.254481900984775
"RPE1","PM",1.56315999117132,0.0544097920858484,0.251134339394347
"RPE1","PM",1.62829165747012,0.0602038154855056,0.241622693509898
"RPE1","PM",1.69342332376893,0.0568224159773455,0.250294087991127
"RPE1","PM",1.75855499006774,0.0670690811535882,0.28296978455954
"RPE1","PM",1.82368665636654,0.0732729711602951,0.270587839881693
"RPE1","PM",1.88881832266534,0.0626071242268426,0.258373945484489
"RPE1","PM",1.95394998896415,0.0918753260302556,0.282263973380836
"RPE1","PM",2.01908165526295,0.0694351292942842,0.293597284307465
"RPE1","PM",2.08421332156176,0.112722632088829,0.316431956441367
"RPE1","PM",2.14934498786057,0.262314628511812,0.372298591738648
"RPE1","PM",2.21447665415937,0.505756762799016,0.437851645212247
"RPE1","PM",2.27960832045818,0.825052164840897,0.402574530299466
"RPE1","PM",2.34473998675698,0.83574595722483,0.33005747319598
"RPE1","PM",2.40987165305578,0.69425814144124,0.335650186535811
"RPE1","PM",2.47500331935459,0.538601982263954,0.306691762175243
"RPE1","PM",2.5401349856534,0.321046650272002,0.332309346956609
"RPE1","PM",2.6052666519522,0.234266711379387,0.35202500588176
"RPE1","PM",2.670398318251,0.23647440196736,0.37771653278661
"RPE1","PM",2.73552998454981,0.242426782919741,0.367196585218297
"RPE1","PM",2.80066165084861,0.373984648632536,0.437179444089672
"RPE1","PM",2.86579331714742,0.356705045085327,0.416428595435755
"RPE1","PM",2.93092498344622,0.299156047395484,0.407642926763688
"RPE1","PM",2.99605664974503,0.188818093747671,0.37727288004571
"RPE1","PM",3.06118831604384,0.178916089127357,0.263422175915034
"RPE1","PM",3.12631998234264,0.085811163275952,0.280570026551944
"RPE1","PM",3.19145164864144,0.0425329756315672,0.275326857795853
"RPE1","PM",3.25658331494025,0.0619736940159475,0.28208247907774
"RPE1","PM",3.32171498123905,0.0104981742305686,0.322394380398615
"RPE1","PM",3.38684664753786,0.0399526790371861,0.302887103821463
"RPE1","PM",3.45197831383667,0.0684942991281019,0.297395220650019
"RPE1","PM",3.51710998013547,0.0653178329234667,0.245427351863678
"RPE1","PM",3.58224164643427,0.0500316715105447,0.288710382146338
"RPE1","PM",3.64737331273308,0.021201281764662,0.278634087318926
"RPE1","PM",3.71250497903188,0.0403252850435948,0.265687493698115
"RPE1","PM",3.77763664533069,0.0661096206870854,0.279635666991564
"RPE1","PM",3.8427683116295,0.09459534987704,0.28358820959231
"RPE1","PM",3.9078999779283,0.0697145837990908,0.338130608678116
"RPE1","PM",3.9730316442271,0.101404724644161,0.307814338049945
